time, Longitude, Latitude, Altitude, rsrp, snr, datarate
2024-11-07 16:40:54.128, -78.696275, 35.727482, 0.00, -69.00, 21.00, 9.78
2024-11-07 16:40:55.140, -78.696275, 35.727482, 2.73, -69.00, 21.00, 9.78
2024-11-07 16:40:56.145, -78.696275, 35.727482, 5.45, -69.00, 21.00, 9.78
2024-11-07 16:40:57.150, -78.696275, 35.727482, 8.18, -69.00, 21.00, 9.78
2024-11-07 16:40:58.159, -78.696275, 35.727482, 10.91, -69.00, 21.00, 9.78
2024-11-07 16:40:59.170, -78.696275, 35.727482, 13.64, -69.00, 21.00, 9.78
2024-11-07 16:41:00.177, -78.696275, 35.727482, 16.36, -69.00, 21.00, 9.78
2024-11-07 16:41:01.181, -78.696275, 35.727482, 19.09, -69.00, 21.00, 9.78
2024-11-07 16:41:02.184, -78.696275, 35.727482, 21.82, -69.00, 21.00, 9.78
2024-11-07 16:41:03.192, -78.696275, 35.727482, 24.55, -69.00, 21.00, 9.78
2024-11-07 16:41:04.197, -78.696275, 35.727482, 27.27, -69.00, 21.00, 9.78
2024-11-07 16:41:05.204, -78.696275, 35.727482, 30.00, -69.00, 21.00, 9.78
2024-11-07 16:41:06.214, -78.696275, 35.727482, 30.00, -69.00, 21.00, 9.78
2024-11-07 16:41:07.261, -78.696327, 35.727498, 30.00, -69.00, 21.00, 9.78
2024-11-07 16:41:08.272, -78.696379, 35.727514, 30.00, -69.00, 21.00, 9.78
2024-11-07 16:41:09.278, -78.696431, 35.727530, 30.00, -69.00, 21.00, 9.78
2024-11-07 16:41:10.287, -78.696483, 35.727546, 30.00, -69.00, 21.00, 9.78
2024-11-07 16:41:11.293, -78.696536, 35.727562, 30.00, -69.00, 21.00, 9.78
2024-11-07 16:41:12.299, -78.696588, 35.727578, 30.00, -69.00, 21.00, 9.78
2024-11-07 16:41:13.306, -78.696640, 35.727594, 30.00, -69.00, 21.00, 9.78
2024-11-07 16:41:14.324, -78.696692, 35.727610, 30.00, -69.00, 21.00, 9.78
2024-11-07 16:41:15.338, -78.696744, 35.727625, 30.00, -69.00, 21.00, 9.78
2024-11-07 16:41:16.343, -78.696796, 35.727641, 30.00, -69.00, 21.00, 9.78
2024-11-07 16:41:17.346, -78.696848, 35.727657, 30.00, -69.00, 21.00, 9.78
2024-11-07 16:41:18.348, -78.696900, 35.727673, 30.00, -70.00, 20.00, 9.32
2024-11-07 16:41:19.352, -78.696953, 35.727689, 30.00, -70.00, 20.00, 9.32
2024-11-07 16:41:20.355, -78.697005, 35.727705, 30.00, -70.00, 20.00, 9.32
2024-11-07 16:41:21.359, -78.697057, 35.727721, 30.00, -70.00, 20.00, 9.32
2024-11-07 16:41:22.361, -78.697109, 35.727737, 30.00, -70.00, 20.00, 9.32
2024-11-07 16:41:23.364, -78.697161, 35.727753, 30.00, -70.00, 20.00, 9.32
2024-11-07 16:41:24.368, -78.697213, 35.727769, 30.00, -70.00, 20.00, 9.32
2024-11-07 16:41:25.375, -78.697265, 35.727785, 30.00, -70.00, 20.00, 9.32
2024-11-07 16:41:26.378, -78.697317, 35.727801, 30.00, -70.00, 20.00, 9.32
2024-11-07 16:41:27.381, -78.697369, 35.727817, 30.00, -70.00, 20.00, 9.32
2024-11-07 16:41:28.387, -78.697422, 35.727833, 30.00, -70.00, 20.00, 9.32
2024-11-07 16:41:29.393, -78.697474, 35.727849, 30.00, -70.00, 20.00, 9.32
2024-11-07 16:41:30.400, -78.697526, 35.727865, 30.00, -70.00, 20.00, 9.32
2024-11-07 16:41:31.404, -78.697578, 35.727881, 30.00, -70.00, 20.00, 9.32
2024-11-07 16:41:32.410, -78.697630, 35.727896, 30.00, -71.00, 19.00, 8.86
2024-11-07 16:41:33.416, -78.697682, 35.727912, 30.00, -71.00, 19.00, 8.86
2024-11-07 16:41:34.421, -78.697734, 35.727928, 30.00, -71.00, 19.00, 8.86
2024-11-07 16:41:35.426, -78.697786, 35.727944, 30.00, -71.00, 19.00, 8.86
2024-11-07 16:41:36.429, -78.697838, 35.727960, 30.00, -71.00, 19.00, 8.86
2024-11-07 16:41:37.433, -78.697891, 35.727976, 30.00, -71.00, 19.00, 8.86
2024-11-07 16:41:38.439, -78.697943, 35.727992, 30.00, -71.00, 19.00, 8.86
2024-11-07 16:41:39.443, -78.697995, 35.728008, 30.00, -71.00, 19.00, 8.86
2024-11-07 16:41:40.447, -78.698047, 35.728024, 30.00, -71.00, 19.00, 8.86
2024-11-07 16:41:41.455, -78.698099, 35.728040, 30.00, -71.00, 19.00, 8.86
2024-11-07 16:41:42.462, -78.698151, 35.728056, 30.00, -71.00, 19.00, 8.86
2024-11-07 16:41:43.469, -78.698203, 35.728072, 30.00, -71.00, 19.00, 8.86
2024-11-07 16:41:44.474, -78.698255, 35.728088, 30.00, -71.00, 19.00, 8.86
2024-11-07 16:41:45.482, -78.698308, 35.728104, 30.00, -71.00, 19.00, 8.86
2024-11-07 16:41:46.486, -78.698360, 35.728120, 30.00, -71.00, 19.00, 8.86
2024-11-07 16:41:47.491, -78.698412, 35.728136, 30.00, -72.00, 18.00, 8.40
2024-11-07 16:41:48.498, -78.698464, 35.728152, 30.00, -72.00, 18.00, 8.40
2024-11-07 16:41:49.502, -78.698516, 35.728168, 30.00, -72.00, 18.00, 8.40
2024-11-07 16:41:50.505, -78.698568, 35.728183, 30.00, -72.00, 18.00, 8.40
2024-11-07 16:41:51.508, -78.698620, 35.728199, 30.00, -72.00, 18.00, 8.40
2024-11-07 16:41:52.513, -78.698672, 35.728215, 30.00, -72.00, 18.00, 8.40
2024-11-07 16:41:53.516, -78.698724, 35.728231, 30.00, -72.00, 18.00, 8.40
2024-11-07 16:41:54.520, -78.698777, 35.728247, 30.00, -72.00, 18.00, 8.40
2024-11-07 16:41:55.527, -78.698829, 35.728263, 30.00, -72.00, 18.00, 8.40
2024-11-07 16:41:56.539, -78.698881, 35.728279, 30.00, -72.00, 18.00, 8.40
2024-11-07 16:41:57.548, -78.698933, 35.728295, 30.00, -72.00, 18.00, 8.40
2024-11-07 16:41:58.556, -78.698985, 35.728311, 30.00, -72.00, 18.00, 8.40
2024-11-07 16:41:59.563, -78.699037, 35.728327, 30.00, -72.00, 18.00, 8.40
2024-11-07 16:42:00.572, -78.699089, 35.728343, 30.00, -72.00, 18.00, 8.40
2024-11-07 16:42:01.581, -78.699141, 35.728359, 30.00, -72.00, 18.00, 8.40
2024-11-07 16:42:02.592, -78.699193, 35.728375, 30.00, -72.00, 18.00, 8.40
2024-11-07 16:42:03.603, -78.699246, 35.728391, 30.00, -72.00, 18.00, 8.40
2024-11-07 16:42:04.611, -78.699298, 35.728407, 30.00, -73.00, 17.00, 7.95
2024-11-07 16:42:05.621, -78.699350, 35.728423, 30.00, -73.00, 17.00, 7.95
2024-11-07 16:42:06.626, -78.699402, 35.728439, 30.00, -73.00, 17.00, 7.95
2024-11-07 16:42:07.630, -78.699454, 35.728454, 30.00, -73.00, 17.00, 7.95
2024-11-07 16:42:08.633, -78.699506, 35.728470, 30.00, -73.00, 17.00, 7.95
2024-11-07 16:42:09.640, -78.699558, 35.728486, 30.00, -73.00, 17.00, 7.95
2024-11-07 16:42:10.647, -78.699610, 35.728502, 30.00, -73.00, 17.00, 7.95
2024-11-07 16:42:11.652, -78.699663, 35.728518, 30.00, -73.00, 17.00, 7.95
2024-11-07 16:42:12.659, -78.699715, 35.728534, 30.00, -73.00, 17.00, 7.95
2024-11-07 16:42:13.669, -78.699767, 35.728550, 30.00, -73.00, 17.00, 7.95
2024-11-07 16:42:14.683, -78.699819, 35.728566, 30.00, -73.00, 17.00, 7.95
2024-11-07 16:42:15.693, -78.699871, 35.728582, 30.00, -73.00, 17.00, 7.95
2024-11-07 16:42:16.786, -78.699871, 35.728582, 30.00, -73.00, 17.00, 7.95
2024-11-07 16:42:17.790, -78.699839, 35.728619, 30.00, -73.00, 17.00, 7.95
2024-11-07 16:42:18.794, -78.699806, 35.728656, 30.00, -73.00, 17.00, 7.95
2024-11-07 16:42:19.800, -78.699774, 35.728692, 30.00, -73.00, 17.00, 7.95
2024-11-07 16:42:20.806, -78.699742, 35.728729, 30.00, -73.00, 17.00, 7.95
2024-11-07 16:42:21.819, -78.699709, 35.728766, 30.00, -73.00, 17.00, 7.95
2024-11-07 16:42:22.825, -78.699677, 35.728803, 30.00, -73.00, 17.00, 7.95
2024-11-07 16:42:23.828, -78.699645, 35.728839, 30.00, -73.00, 17.00, 7.95
2024-11-07 16:42:24.831, -78.699612, 35.728876, 30.00, -73.00, 17.00, 7.95
2024-11-07 16:42:25.835, -78.699580, 35.728913, 30.00, -73.00, 17.00, 7.95
2024-11-07 16:42:26.838, -78.699548, 35.728950, 30.00, -73.00, 17.00, 7.95
2024-11-07 16:42:27.846, -78.699515, 35.728986, 30.00, -73.00, 17.00, 7.95
2024-11-07 16:42:28.856, -78.699483, 35.729023, 30.00, -73.00, 17.00, 7.95
2024-11-07 16:42:29.862, -78.699450, 35.729060, 30.00, -73.00, 17.00, 7.95
2024-11-07 16:42:30.869, -78.699418, 35.729097, 30.00, -73.00, 17.00, 7.95
2024-11-07 16:42:31.875, -78.699386, 35.729133, 30.00, -73.00, 17.00, 7.95
2024-11-07 16:42:32.883, -78.699353, 35.729170, 30.00, -73.00, 17.00, 7.95
2024-11-07 16:42:33.890, -78.699321, 35.729207, 30.00, -73.00, 17.00, 7.95
2024-11-07 16:42:34.893, -78.699289, 35.729244, 30.00, -73.00, 17.00, 7.95
2024-11-07 16:42:35.899, -78.699256, 35.729280, 30.00, -73.00, 17.00, 7.95
2024-11-07 16:42:36.909, -78.699224, 35.729317, 30.00, -73.00, 17.00, 7.95
2024-11-07 16:42:37.920, -78.699192, 35.729354, 30.00, -73.00, 17.00, 7.95
2024-11-07 16:42:38.927, -78.699159, 35.729391, 30.00, -73.00, 17.00, 7.95
2024-11-07 16:42:39.929, -78.699127, 35.729427, 30.00, -73.00, 17.00, 7.95
2024-11-07 16:42:40.933, -78.699095, 35.729464, 30.00, -73.00, 17.00, 7.95
2024-11-07 16:42:41.939, -78.699062, 35.729501, 30.00, -73.00, 17.00, 7.95
2024-11-07 16:42:42.945, -78.699030, 35.729538, 30.00, -73.00, 17.00, 7.95
2024-11-07 16:42:43.950, -78.698998, 35.729575, 30.00, -73.00, 17.00, 7.95
2024-11-07 16:42:44.956, -78.698965, 35.729611, 30.00, -73.00, 17.00, 7.95
2024-11-07 16:42:45.964, -78.698933, 35.729648, 30.00, -73.00, 17.00, 7.95
2024-11-07 16:42:46.972, -78.698901, 35.729685, 30.00, -73.00, 17.00, 7.95
2024-11-07 16:42:47.978, -78.698868, 35.729722, 30.00, -73.00, 17.00, 7.95
2024-11-07 16:42:48.985, -78.698836, 35.729758, 30.00, -73.00, 17.00, 7.95
2024-11-07 16:42:49.993, -78.698804, 35.729795, 30.00, -73.00, 17.00, 7.95
2024-11-07 16:42:51.001, -78.698771, 35.729832, 30.00, -73.00, 17.00, 7.95
2024-11-07 16:42:52.005, -78.698739, 35.729869, 30.00, -73.00, 17.00, 7.95
2024-11-07 16:42:53.010, -78.698706, 35.729905, 30.00, -73.00, 17.00, 7.95
2024-11-07 16:42:54.018, -78.698674, 35.729942, 30.00, -73.00, 17.00, 7.95
2024-11-07 16:42:55.024, -78.698642, 35.729979, 30.00, -73.00, 17.00, 7.95
2024-11-07 16:42:56.028, -78.698609, 35.730016, 30.00, -73.00, 17.00, 7.95
2024-11-07 16:42:57.029, -78.698577, 35.730052, 30.00, -73.00, 17.00, 7.95
2024-11-07 16:42:58.033, -78.698545, 35.730089, 30.00, -73.00, 17.00, 7.95
2024-11-07 16:42:59.038, -78.698512, 35.730126, 30.00, -73.00, 17.00, 7.95
2024-11-07 16:43:00.041, -78.698480, 35.730163, 30.00, -73.00, 17.00, 7.95
2024-11-07 16:43:01.048, -78.698448, 35.730199, 30.00, -73.00, 17.00, 7.95
2024-11-07 16:43:02.057, -78.698415, 35.730236, 30.00, -73.00, 17.00, 7.95
2024-11-07 16:43:03.065, -78.698383, 35.730273, 30.00, -73.00, 17.00, 7.95
2024-11-07 16:43:04.229, -78.698383, 35.730273, 30.00, -73.00, 17.00, 7.95
2024-11-07 16:43:05.237, -78.698357, 35.730233, 30.00, -73.00, 17.00, 7.95
2024-11-07 16:43:06.242, -78.698330, 35.730194, 30.00, -73.00, 17.00, 7.95
2024-11-07 16:43:07.249, -78.698304, 35.730154, 30.00, -73.00, 17.00, 7.95
2024-11-07 16:43:08.256, -78.698278, 35.730115, 30.00, -73.00, 17.00, 7.95
2024-11-07 16:43:09.266, -78.698252, 35.730075, 30.00, -73.00, 17.00, 7.95
2024-11-07 16:43:10.275, -78.698225, 35.730035, 30.00, -73.00, 17.00, 7.95
2024-11-07 16:43:11.285, -78.698199, 35.729996, 30.00, -73.00, 17.00, 7.95
2024-11-07 16:43:12.291, -78.698173, 35.729956, 30.00, -73.00, 17.00, 7.95
2024-11-07 16:43:13.296, -78.698146, 35.729917, 30.00, -73.00, 17.00, 7.95
2024-11-07 16:43:14.300, -78.698120, 35.729877, 30.00, -73.00, 17.00, 7.95
2024-11-07 16:43:15.311, -78.698094, 35.729837, 30.00, -73.00, 17.00, 7.95
2024-11-07 16:43:16.320, -78.698068, 35.729798, 30.00, -73.00, 17.00, 7.95
2024-11-07 16:43:17.326, -78.698041, 35.729758, 30.00, -72.00, 18.00, 8.40
2024-11-07 16:43:18.328, -78.698015, 35.729719, 30.00, -72.00, 18.00, 8.40
2024-11-07 16:43:19.331, -78.697989, 35.729679, 30.00, -72.00, 18.00, 8.40
2024-11-07 16:43:20.346, -78.697962, 35.729639, 30.00, -72.00, 18.00, 8.40
2024-11-07 16:43:21.358, -78.697936, 35.729600, 30.00, -72.00, 18.00, 8.40
2024-11-07 16:43:22.372, -78.697910, 35.729560, 30.00, -72.00, 18.00, 8.40
2024-11-07 16:43:23.379, -78.697884, 35.729520, 30.00, -72.00, 18.00, 8.40
2024-11-07 16:43:24.387, -78.697857, 35.729481, 30.00, -72.00, 18.00, 8.40
2024-11-07 16:43:25.396, -78.697831, 35.729441, 30.00, -72.00, 18.00, 8.40
2024-11-07 16:43:26.401, -78.697805, 35.729402, 30.00, -72.00, 18.00, 8.40
2024-11-07 16:43:27.404, -78.697778, 35.729362, 30.00, -72.00, 18.00, 8.40
2024-11-07 16:43:28.409, -78.697752, 35.729322, 30.00, -72.00, 18.00, 8.40
2024-11-07 16:43:29.414, -78.697726, 35.729283, 30.00, -72.00, 18.00, 8.40
2024-11-07 16:43:30.419, -78.697700, 35.729243, 30.00, -72.00, 18.00, 8.40
2024-11-07 16:43:31.428, -78.697673, 35.729204, 30.00, -72.00, 18.00, 8.40
2024-11-07 16:43:32.433, -78.697647, 35.729164, 30.00, -72.00, 18.00, 8.40
2024-11-07 16:43:33.439, -78.697621, 35.729124, 30.00, -72.00, 18.00, 8.40
2024-11-07 16:43:34.446, -78.697594, 35.729085, 30.00, -72.00, 18.00, 8.40
2024-11-07 16:43:35.456, -78.697568, 35.729045, 30.00, -71.00, 19.00, 8.86
2024-11-07 16:43:36.491, -78.697542, 35.729006, 30.00, -71.00, 19.00, 8.86
2024-11-07 16:43:37.505, -78.697516, 35.728966, 30.00, -71.00, 19.00, 8.86
2024-11-07 16:43:38.512, -78.697489, 35.728926, 30.00, -71.00, 19.00, 8.86
2024-11-07 16:43:39.519, -78.697463, 35.728887, 30.00, -71.00, 19.00, 8.86
2024-11-07 16:43:40.526, -78.697437, 35.728847, 30.00, -71.00, 19.00, 8.86
2024-11-07 16:43:41.532, -78.697410, 35.728808, 30.00, -71.00, 19.00, 8.86
2024-11-07 16:43:42.536, -78.697384, 35.728768, 30.00, -71.00, 19.00, 8.86
2024-11-07 16:43:43.541, -78.697358, 35.728728, 30.00, -71.00, 19.00, 8.86
2024-11-07 16:43:44.545, -78.697332, 35.728689, 30.00, -71.00, 19.00, 8.86
2024-11-07 16:43:45.547, -78.697305, 35.728649, 30.00, -71.00, 19.00, 8.86
2024-11-07 16:43:46.553, -78.697279, 35.728610, 30.00, -71.00, 19.00, 8.86
2024-11-07 16:43:47.561, -78.697253, 35.728570, 30.00, -71.00, 19.00, 8.86
2024-11-07 16:43:48.569, -78.697226, 35.728530, 30.00, -71.00, 19.00, 8.86
2024-11-07 16:43:49.574, -78.697200, 35.728491, 30.00, -71.00, 19.00, 8.86
2024-11-07 16:43:50.577, -78.697174, 35.728451, 30.00, -71.00, 19.00, 8.86
2024-11-07 16:43:51.580, -78.697148, 35.728411, 30.00, -71.00, 19.00, 8.86
2024-11-07 16:43:52.582, -78.697121, 35.728372, 30.00, -70.00, 20.00, 9.32
2024-11-07 16:43:53.586, -78.697095, 35.728332, 30.00, -70.00, 20.00, 9.32
2024-11-07 16:43:54.588, -78.697069, 35.728293, 30.00, -70.00, 20.00, 9.32
2024-11-07 16:43:55.593, -78.697042, 35.728253, 30.00, -70.00, 20.00, 9.32
2024-11-07 16:43:56.597, -78.697016, 35.728213, 30.00, -70.00, 20.00, 9.32
2024-11-07 16:43:57.600, -78.696990, 35.728174, 30.00, -70.00, 20.00, 9.32
2024-11-07 16:43:58.604, -78.696964, 35.728134, 30.00, -70.00, 20.00, 9.32
2024-11-07 16:43:59.612, -78.696937, 35.728095, 30.00, -70.00, 20.00, 9.32
2024-11-07 16:44:00.621, -78.696911, 35.728055, 30.00, -70.00, 20.00, 9.32
2024-11-07 16:44:01.627, -78.696885, 35.728015, 30.00, -70.00, 20.00, 9.32
2024-11-07 16:44:02.634, -78.696858, 35.727976, 30.00, -70.00, 20.00, 9.32
2024-11-07 16:44:03.641, -78.696832, 35.727936, 30.00, -70.00, 20.00, 9.32
2024-11-07 16:44:04.643, -78.696806, 35.727897, 30.00, -70.00, 20.00, 9.32
2024-11-07 16:44:05.646, -78.696780, 35.727857, 30.00, -70.00, 20.00, 9.32
2024-11-07 16:44:06.654, -78.696753, 35.727817, 30.00, -70.00, 20.00, 9.32
2024-11-07 16:44:07.660, -78.696727, 35.727778, 30.00, -69.00, 21.00, 9.78
2024-11-07 16:44:08.665, -78.696701, 35.727738, 30.00, -69.00, 21.00, 9.78
2024-11-07 16:44:09.675, -78.696674, 35.727699, 30.00, -69.00, 21.00, 9.78
2024-11-07 16:44:10.681, -78.696648, 35.727659, 30.00, -69.00, 21.00, 9.78
2024-11-07 16:44:11.686, -78.696622, 35.727619, 30.00, -69.00, 21.00, 9.78
2024-11-07 16:44:12.690, -78.696596, 35.727580, 30.00, -69.00, 21.00, 9.78
2024-11-07 16:44:13.696, -78.696569, 35.727540, 30.00, -69.00, 21.00, 9.78
2024-11-07 16:44:14.700, -78.696543, 35.727501, 30.00, -69.00, 21.00, 9.78
2024-11-07 16:44:15.703, -78.696517, 35.727461, 30.00, -69.00, 21.00, 9.78
2024-11-07 16:44:16.709, -78.696490, 35.727421, 30.00, -69.00, 21.00, 9.78
2024-11-07 16:44:17.713, -78.696464, 35.727382, 30.00, -69.00, 21.00, 9.78
2024-11-07 16:44:18.719, -78.696438, 35.727342, 30.00, -69.00, 21.00, 9.78
2024-11-07 16:44:19.723, -78.696412, 35.727302, 30.00, -69.00, 21.00, 9.78
2024-11-07 16:44:20.727, -78.696385, 35.727263, 30.00, -68.00, 22.00, 10.24
2024-11-07 16:44:21.731, -78.696359, 35.727223, 30.00, -68.00, 22.00, 10.24
2024-11-07 16:44:22.739, -78.696333, 35.727184, 30.00, -68.00, 22.00, 10.24
2024-11-07 16:44:23.745, -78.696306, 35.727144, 30.00, -68.00, 22.00, 10.24
2024-11-07 16:44:24.751, -78.696280, 35.727104, 30.00, -68.00, 22.00, 10.24
2024-11-07 16:44:25.757, -78.696254, 35.727065, 30.00, -68.00, 22.00, 10.24
2024-11-07 16:44:26.761, -78.696227, 35.727025, 30.00, -68.00, 22.00, 10.24
2024-11-07 16:44:27.766, -78.696201, 35.726986, 30.00, -68.00, 22.00, 10.24
2024-11-07 16:44:28.774, -78.696175, 35.726946, 30.00, -68.00, 22.00, 10.24
2024-11-07 16:44:29.781, -78.696149, 35.726906, 30.00, -68.00, 22.00, 10.24
2024-11-07 16:44:30.785, -78.696122, 35.726867, 30.00, -68.00, 22.00, 10.24
2024-11-07 16:44:31.794, -78.696096, 35.726827, 30.00, -68.00, 22.00, 10.24
2024-11-07 16:44:32.800, -78.696070, 35.726788, 30.00, -68.00, 22.00, 10.24
2024-11-07 16:44:33.806, -78.696043, 35.726748, 30.00, -67.00, 23.00, 10.71
2024-11-07 16:44:34.816, -78.696017, 35.726708, 30.00, -67.00, 23.00, 10.71
2024-11-07 16:44:35.825, -78.695991, 35.726669, 30.00, -67.00, 23.00, 10.71
2024-11-07 16:44:36.832, -78.695965, 35.726629, 30.00, -67.00, 23.00, 10.71
2024-11-07 16:44:37.840, -78.695938, 35.726590, 30.00, -67.00, 23.00, 10.71
2024-11-07 16:44:38.847, -78.695912, 35.726550, 30.00, -67.00, 23.00, 10.71
2024-11-07 16:44:39.855, -78.695886, 35.726510, 30.00, -67.00, 23.00, 10.71
2024-11-07 16:44:40.864, -78.695859, 35.726471, 30.00, -67.00, 23.00, 10.71
2024-11-07 16:44:41.870, -78.695833, 35.726431, 30.00, -67.00, 23.00, 10.71
2024-11-07 16:44:42.875, -78.695807, 35.726392, 30.00, -67.00, 23.00, 10.71
2024-11-07 16:44:43.878, -78.695781, 35.726352, 30.00, -67.00, 23.00, 10.71
2024-11-07 16:44:44.886, -78.695754, 35.726312, 30.00, -67.00, 23.00, 10.71
2024-11-07 16:44:45.896, -78.695728, 35.726273, 30.00, -66.00, 24.00, 11.17
2024-11-07 16:44:46.905, -78.695702, 35.726233, 30.00, -66.00, 24.00, 11.17
2024-11-07 16:44:47.909, -78.695675, 35.726194, 30.00, -66.00, 24.00, 11.17
2024-11-07 16:44:48.914, -78.695649, 35.726154, 30.00, -66.00, 24.00, 11.17
2024-11-07 16:44:49.923, -78.695623, 35.726114, 30.00, -66.00, 24.00, 11.17
2024-11-07 16:44:50.932, -78.695597, 35.726075, 30.00, -66.00, 24.00, 11.17
2024-11-07 16:44:51.943, -78.695570, 35.726035, 30.00, -66.00, 24.00, 11.17
2024-11-07 16:44:52.954, -78.695544, 35.725995, 30.00, -66.00, 24.00, 11.17
2024-11-07 16:44:53.964, -78.695518, 35.725956, 30.00, -66.00, 24.00, 11.17
2024-11-07 16:44:54.975, -78.695491, 35.725916, 30.00, -66.00, 24.00, 11.17
2024-11-07 16:44:55.981, -78.695465, 35.725877, 30.00, -66.00, 24.00, 11.17
2024-11-07 16:44:56.985, -78.695439, 35.725837, 30.00, -66.00, 24.00, 11.17
2024-11-07 16:44:57.994, -78.695413, 35.725797, 30.00, -65.00, 25.00, 11.63
2024-11-07 16:44:59.003, -78.695386, 35.725758, 30.00, -65.00, 25.00, 11.63
2024-11-07 16:45:00.013, -78.695360, 35.725718, 30.00, -65.00, 25.00, 11.63
2024-11-07 16:45:01.021, -78.695334, 35.725679, 30.00, -65.00, 25.00, 11.63
2024-11-07 16:45:02.031, -78.695307, 35.725639, 30.00, -65.00, 25.00, 11.63
2024-11-07 16:45:03.041, -78.695281, 35.725599, 30.00, -65.00, 25.00, 11.63
2024-11-07 16:45:04.047, -78.695255, 35.725560, 30.00, -65.00, 25.00, 11.63
2024-11-07 16:45:05.050, -78.695229, 35.725520, 30.00, -65.00, 25.00, 11.63
2024-11-07 16:45:06.057, -78.695202, 35.725481, 30.00, -65.00, 25.00, 11.63
2024-11-07 16:45:07.065, -78.695176, 35.725441, 30.00, -65.00, 25.00, 11.63
2024-11-07 16:45:08.077, -78.695150, 35.725401, 30.00, -65.00, 25.00, 11.63
2024-11-07 16:45:09.087, -78.695123, 35.725362, 30.00, -65.00, 25.00, 11.63
2024-11-07 16:45:10.092, -78.695097, 35.725322, 30.00, -64.00, 26.00, 12.10
2024-11-07 16:45:11.096, -78.695071, 35.725283, 30.00, -64.00, 26.00, 12.10
2024-11-07 16:45:12.100, -78.695045, 35.725243, 30.00, -64.00, 26.00, 12.10
2024-11-07 16:45:13.104, -78.695018, 35.725203, 30.00, -64.00, 26.00, 12.10
2024-11-07 16:45:14.109, -78.694992, 35.725164, 30.00, -64.00, 26.00, 12.10
2024-11-07 16:45:15.112, -78.694966, 35.725124, 30.00, -64.00, 26.00, 12.10
2024-11-07 16:45:16.117, -78.694939, 35.725085, 30.00, -64.00, 26.00, 12.10
2024-11-07 16:45:17.124, -78.694913, 35.725045, 30.00, -64.00, 26.00, 12.10
2024-11-07 16:45:18.130, -78.694887, 35.725005, 30.00, -64.00, 26.00, 12.10
2024-11-07 16:45:19.135, -78.694861, 35.724966, 30.00, -64.00, 26.00, 12.10
2024-11-07 16:45:20.141, -78.694834, 35.724926, 30.00, -64.00, 26.00, 12.10
2024-11-07 16:45:21.144, -78.694808, 35.724886, 30.00, -64.00, 26.00, 12.10
2024-11-07 16:45:22.149, -78.694782, 35.724847, 30.00, -64.00, 26.00, 12.10
2024-11-07 16:45:23.153, -78.694755, 35.724807, 30.00, -64.00, 26.00, 12.10
2024-11-07 16:45:24.162, -78.694729, 35.724768, 30.00, -63.00, 27.00, 12.56
2024-11-07 16:45:25.168, -78.694703, 35.724728, 30.00, -63.00, 27.00, 12.56
2024-11-07 16:45:26.171, -78.694677, 35.724688, 30.00, -63.00, 27.00, 12.56
2024-11-07 16:45:27.179, -78.694650, 35.724649, 30.00, -63.00, 27.00, 12.56
2024-11-07 16:45:28.185, -78.694624, 35.724609, 30.00, -63.00, 27.00, 12.56
2024-11-07 16:45:29.187, -78.694598, 35.724570, 30.00, -63.00, 27.00, 12.56
2024-11-07 16:45:30.193, -78.694571, 35.724530, 30.00, -63.00, 27.00, 12.56
2024-11-07 16:45:31.196, -78.694545, 35.724490, 30.00, -63.00, 27.00, 12.56
2024-11-07 16:45:32.199, -78.694519, 35.724451, 30.00, -63.00, 27.00, 12.56
2024-11-07 16:45:33.205, -78.694493, 35.724411, 30.00, -63.00, 27.00, 12.56
2024-11-07 16:45:34.212, -78.694466, 35.724372, 30.00, -63.00, 27.00, 12.56
2024-11-07 16:45:35.223, -78.694440, 35.724332, 30.00, -63.00, 27.00, 12.56
2024-11-07 16:45:36.345, -78.694440, 35.724332, 30.00, -63.00, 27.00, 12.56
2024-11-07 16:45:37.352, -78.694470, 35.724370, 30.00, -63.00, 27.00, 12.56
2024-11-07 16:45:38.356, -78.694501, 35.724408, 30.00, -63.00, 27.00, 12.56
2024-11-07 16:45:39.363, -78.694531, 35.724446, 30.00, -63.00, 27.00, 12.56
2024-11-07 16:45:40.372, -78.694562, 35.724484, 30.00, -63.00, 27.00, 12.56
2024-11-07 16:45:41.379, -78.694592, 35.724522, 30.00, -63.00, 27.00, 12.56
2024-11-07 16:45:42.382, -78.694622, 35.724560, 30.00, -63.00, 27.00, 12.56
2024-11-07 16:45:43.384, -78.694653, 35.724598, 30.00, -63.00, 27.00, 12.56
2024-11-07 16:45:44.393, -78.694683, 35.724635, 30.00, -63.00, 27.00, 12.56
2024-11-07 16:45:45.402, -78.694713, 35.724673, 30.00, -63.00, 27.00, 12.56
2024-11-07 16:45:46.408, -78.694744, 35.724711, 30.00, -64.00, 26.00, 12.10
2024-11-07 16:45:47.416, -78.694774, 35.724749, 30.00, -64.00, 26.00, 12.10
2024-11-07 16:45:48.423, -78.694805, 35.724787, 30.00, -64.00, 26.00, 12.10
2024-11-07 16:45:49.429, -78.694835, 35.724825, 30.00, -64.00, 26.00, 12.10
2024-11-07 16:45:50.434, -78.694865, 35.724863, 30.00, -64.00, 26.00, 12.10
2024-11-07 16:45:51.442, -78.694896, 35.724901, 30.00, -64.00, 26.00, 12.10
2024-11-07 16:45:52.448, -78.694926, 35.724939, 30.00, -64.00, 26.00, 12.10
2024-11-07 16:45:53.454, -78.694957, 35.724977, 30.00, -64.00, 26.00, 12.10
2024-11-07 16:45:54.460, -78.694987, 35.725015, 30.00, -64.00, 26.00, 12.10
2024-11-07 16:45:55.468, -78.695017, 35.725053, 30.00, -64.00, 26.00, 12.10
2024-11-07 16:45:56.473, -78.695048, 35.725091, 30.00, -64.00, 26.00, 12.10
2024-11-07 16:45:57.476, -78.695078, 35.725129, 30.00, -64.00, 26.00, 12.10
2024-11-07 16:45:58.480, -78.695109, 35.725167, 30.00, -64.00, 26.00, 12.10
2024-11-07 16:45:59.488, -78.695139, 35.725204, 30.00, -65.00, 25.00, 11.63
2024-11-07 16:46:00.494, -78.695169, 35.725242, 30.00, -65.00, 25.00, 11.63
2024-11-07 16:46:01.500, -78.695200, 35.725280, 30.00, -65.00, 25.00, 11.63
2024-11-07 16:46:02.508, -78.695230, 35.725318, 30.00, -65.00, 25.00, 11.63
2024-11-07 16:46:03.518, -78.695260, 35.725356, 30.00, -65.00, 25.00, 11.63
2024-11-07 16:46:04.526, -78.695291, 35.725394, 30.00, -65.00, 25.00, 11.63
2024-11-07 16:46:05.536, -78.695321, 35.725432, 30.00, -65.00, 25.00, 11.63
2024-11-07 16:46:06.543, -78.695352, 35.725470, 30.00, -65.00, 25.00, 11.63
2024-11-07 16:46:07.551, -78.695382, 35.725508, 30.00, -65.00, 25.00, 11.63
2024-11-07 16:46:08.557, -78.695412, 35.725546, 30.00, -65.00, 25.00, 11.63
2024-11-07 16:46:09.561, -78.695443, 35.725584, 30.00, -65.00, 25.00, 11.63
2024-11-07 16:46:10.582, -78.695473, 35.725622, 30.00, -65.00, 25.00, 11.63
2024-11-07 16:46:11.596, -78.695504, 35.725660, 30.00, -66.00, 24.00, 11.17
2024-11-07 16:46:12.604, -78.695534, 35.725698, 30.00, -66.00, 24.00, 11.17
2024-11-07 16:46:13.608, -78.695564, 35.725736, 30.00, -66.00, 24.00, 11.17
2024-11-07 16:46:14.612, -78.695595, 35.725773, 30.00, -66.00, 24.00, 11.17
2024-11-07 16:46:15.615, -78.695625, 35.725811, 30.00, -66.00, 24.00, 11.17
2024-11-07 16:46:16.620, -78.695655, 35.725849, 30.00, -66.00, 24.00, 11.17
2024-11-07 16:46:17.629, -78.695686, 35.725887, 30.00, -66.00, 24.00, 11.17
2024-11-07 16:46:18.633, -78.695716, 35.725925, 30.00, -66.00, 24.00, 11.17
2024-11-07 16:46:19.641, -78.695747, 35.725963, 30.00, -66.00, 24.00, 11.17
2024-11-07 16:46:20.646, -78.695777, 35.726001, 30.00, -66.00, 24.00, 11.17
2024-11-07 16:46:21.660, -78.695807, 35.726039, 30.00, -66.00, 24.00, 11.17
2024-11-07 16:46:22.669, -78.695838, 35.726077, 30.00, -67.00, 23.00, 10.71
2024-11-07 16:46:23.675, -78.695868, 35.726115, 30.00, -67.00, 23.00, 10.71
2024-11-07 16:46:24.680, -78.695899, 35.726153, 30.00, -67.00, 23.00, 10.71
2024-11-07 16:46:25.683, -78.695929, 35.726191, 30.00, -67.00, 23.00, 10.71
2024-11-07 16:46:26.688, -78.695959, 35.726229, 30.00, -67.00, 23.00, 10.71
2024-11-07 16:46:27.693, -78.695990, 35.726267, 30.00, -67.00, 23.00, 10.71
2024-11-07 16:46:28.696, -78.696020, 35.726305, 30.00, -67.00, 23.00, 10.71
2024-11-07 16:46:29.701, -78.696050, 35.726342, 30.00, -67.00, 23.00, 10.71
2024-11-07 16:46:30.708, -78.696081, 35.726380, 30.00, -67.00, 23.00, 10.71
2024-11-07 16:46:31.718, -78.696111, 35.726418, 30.00, -67.00, 23.00, 10.71
2024-11-07 16:46:32.722, -78.696142, 35.726456, 30.00, -67.00, 23.00, 10.71
2024-11-07 16:46:33.725, -78.696172, 35.726494, 30.00, -67.00, 23.00, 10.71
2024-11-07 16:46:34.729, -78.696202, 35.726532, 30.00, -68.00, 22.00, 10.24
2024-11-07 16:46:35.739, -78.696233, 35.726570, 30.00, -68.00, 22.00, 10.24
2024-11-07 16:46:36.745, -78.696263, 35.726608, 30.00, -68.00, 22.00, 10.24
2024-11-07 16:46:37.749, -78.696294, 35.726646, 30.00, -68.00, 22.00, 10.24
2024-11-07 16:46:38.753, -78.696324, 35.726684, 30.00, -68.00, 22.00, 10.24
2024-11-07 16:46:39.756, -78.696354, 35.726722, 30.00, -68.00, 22.00, 10.24
2024-11-07 16:46:40.759, -78.696385, 35.726760, 30.00, -68.00, 22.00, 10.24
2024-11-07 16:46:41.766, -78.696415, 35.726798, 30.00, -68.00, 22.00, 10.24
2024-11-07 16:46:42.773, -78.696446, 35.726836, 30.00, -68.00, 22.00, 10.24
2024-11-07 16:46:43.777, -78.696476, 35.726874, 30.00, -68.00, 22.00, 10.24
2024-11-07 16:46:44.788, -78.696506, 35.726911, 30.00, -68.00, 22.00, 10.24
2024-11-07 16:46:45.798, -78.696537, 35.726949, 30.00, -68.00, 22.00, 10.24
2024-11-07 16:46:46.808, -78.696567, 35.726987, 30.00, -68.00, 22.00, 10.24
2024-11-07 16:46:47.815, -78.696597, 35.727025, 30.00, -69.00, 21.00, 9.78
2024-11-07 16:46:48.818, -78.696628, 35.727063, 30.00, -69.00, 21.00, 9.78
2024-11-07 16:46:49.822, -78.696658, 35.727101, 30.00, -69.00, 21.00, 9.78
2024-11-07 16:46:50.828, -78.696689, 35.727139, 30.00, -69.00, 21.00, 9.78
2024-11-07 16:46:51.837, -78.696719, 35.727177, 30.00, -69.00, 21.00, 9.78
2024-11-07 16:46:52.869, -78.696719, 35.727177, 30.00, -69.00, 21.00, 9.78
2024-11-07 16:46:53.875, -78.696662, 35.727195, 30.00, -69.00, 21.00, 9.78
2024-11-07 16:46:54.886, -78.696605, 35.727213, 30.00, -69.00, 21.00, 9.78
2024-11-07 16:46:55.897, -78.696548, 35.727232, 30.00, -69.00, 21.00, 9.78
2024-11-07 16:46:56.905, -78.696491, 35.727250, 30.00, -69.00, 21.00, 9.78
2024-11-07 16:46:57.913, -78.696434, 35.727268, 30.00, -69.00, 21.00, 9.78
2024-11-07 16:46:58.917, -78.696377, 35.727286, 30.00, -69.00, 21.00, 9.78
2024-11-07 16:46:59.919, -78.696320, 35.727305, 30.00, -68.00, 22.00, 10.24
2024-11-07 16:47:00.923, -78.696263, 35.727323, 30.00, -68.00, 22.00, 10.24
2024-11-07 16:47:02.090, -78.696263, 35.727323, 30.00, -68.00, 22.00, 10.24
2024-11-07 16:47:03.117, -78.696264, 35.727337, 27.27, -68.00, 22.00, 10.24
2024-11-07 16:47:04.138, -78.696265, 35.727352, 24.55, -68.00, 22.00, 10.24
2024-11-07 16:47:05.147, -78.696266, 35.727366, 21.82, -68.00, 22.00, 10.24
2024-11-07 16:47:06.166, -78.696267, 35.727381, 19.09, -68.00, 22.00, 10.24
2024-11-07 16:47:07.179, -78.696268, 35.727395, 16.36, -68.00, 22.00, 10.24
2024-11-07 16:47:08.183, -78.696270, 35.727410, 13.64, -68.00, 22.00, 10.24
2024-11-07 16:47:09.186, -78.696271, 35.727424, 10.91, -69.00, 21.00, 9.78
2024-11-07 16:47:10.196, -78.696272, 35.727439, 8.18, -69.00, 21.00, 9.78
2024-11-07 16:47:11.202, -78.696273, 35.727453, 5.45, -69.00, 21.00, 9.78
2024-11-07 16:47:12.206, -78.696274, 35.727468, 2.73, -69.00, 21.00, 9.78
2024-11-07 16:47:13.209, -78.696275, 35.727482, 0.00, -69.00, 21.00, 9.78
